чхуљ,юуу стщя
15/01/1990,151.5000
15/02/1990,152.3000
15/03/1990,154.2000
15/04/1990,158.1000
15/05/1990,160.6000
15/06/1990,161.8000
15/07/1990,164.4000
15/08/1990,167.0000
15/09/1990,170.5000
15/10/1990,173.4000
15/11/1990,175.6000
15/12/1990,176.3000
15/01/1991,178.6000
15/02/1991,179.7000
15/03/1991,181.9000
15/04/1991,185.9000
15/05/1991,189.4000
15/06/1991,193.1000
15/07/1991,198.9000
15/08/1991,203.0000
15/09/1991,206.2000
15/10/1991,207.1000
15/11/1991,207.4000
15/12/1991,208.1000
15/01/1992,208.1000
15/02/1992,210.2000
15/03/1992,213.3000
15/04/1992,217.1000
15/05/1992,216.3000
15/06/1992,216.6000
15/07/1992,218.1000
15/08/1992,219.8000
15/09/1992,222.7000
15/10/1992,223.8000
15/11/1992,225.2000
15/12/1992,227.6000
15/01/1993,230.5000
15/02/1993,233.3000
15/03/1993,236.3000
15/04/1993,239.6000
15/05/1993,240.3000
15/06/1993,240.9000
15/07/1993,241.2000
15/08/1993,243.5000
15/09/1993,245.9000
15/10/1993,249.4000
15/11/1993,251.3000
15/12/1993,253.2000
15/01/1994,254.9313
15/02/1994,256.3839
15/03/1994,259.0470
15/04/1994,264.1311
15/05/1994,267.2784
15/06/1994,270.9099
15/07/1994,273.8151
15/08/1994,276.7203
15/09/1994,279.8676
15/10/1994,283.7412
15/11/1994,287.3727
15/12/1994,289.7937
15/01/1995,290.2779
15/02/1995,290.7621
15/03/1995,290.5200
15/04/1995,293.1831
15/05/1995,296.0883
15/06/1995,297.0567
15/07/1995,297.7830
15/08/1995,301.4145
15/09/1995,304.3197
15/10/1995,307.4670
15/11/1995,309.6459
15/12/1995,313.2774
15/01/1996,315.9405
15/02/1996,318.8457
15/03/1996,321.9930
15/04/1996,327.3192
15/05/1996,332.8875
15/06/1996,335.3085
15/07/1996,336.2769
15/08/1996,337.4874
15/09/1996,338.9400
15/10/1996,341.6031
15/11/1996,343.7820
15/12/1996,346.4451
15/01/1997,347.8977
15/02/1997,352.0134
15/03/1997,355.4028
15/04/1997,358.0659
15/05/1997,359.7606
15/06/1997,363.6342
15/07/1997,367.2657
15/08/1997,368.7183
15/09/1997,368.4762
15/10/1997,372.8340
15/11/1997,371.8656
15/12/1997,370.6551
15/01/1998,371.8656
15/02/1998,371.6235
15/03/1998,370.8972
15/04/1998,375.9813
15/05/1998,377.4339
15/06/1998,378.8865
15/07/1998,378.4023
15/08/1998,380.3391
15/09/1998,385.6653
15/10/1998,397.2861
15/11/1998,402.3702
15/12/1998,402.6123
15/01/1999,400.7498
15/02/1999,397.6877
15/03/1999,396.9222
15/04/1999,398.0705
15/05/1999,399.9843
15/06/1999,401.1326
15/07/1999,402.2809
15/08/1999,404.1947
15/09/1999,406.1085
15/10/1999,408.7878
15/11/1999,408.0223
15/12/1999,408.0223
15/01/2000,406.1085
15/02/2000,404.1947
15/03/2000,403.0464
15/04/2000,404.9602
15/05/2000,408.4050
15/06/2000,409.5533
15/07/2000,410.7016
15/08/2000,408.4050
15/09/2000,406.1085
15/10/2000,408.4050
15/11/2000,408.4050
15/12/2000,408.0223
15/01/2001,405.6277
15/02/2001,405.2205
15/03/2001,406.0350
15/04/2001,409.7003
15/05/2001,411.3293
15/06/2001,412.5511
15/07/2001,414.1801
15/08/2001,415.4019
15/09/2001,416.2164
15/10/2001,416.6237
15/11/2001,414.1801
15/12/2001,413.7729
15/01/2002,418.2527
15/02/2002,421.5107
15/03/2002,423.5470
15/04/2002,430.0631
15/05/2002,434.1357
15/06/2002,439.8373
15/07/2002,442.6881
15/08/2002,441.0591
15/09/2002,442.6881
15/10/2002,445.5389
15/11/2002,441.8736
15/12/2002,440.6518
15/01/2003,441.4745
15/02/2003,443.2143
15/03/2003,444.0842
15/04/2003,443.2143
15/05/2003,441.0395
15/06/2003,438.4298
15/07/2003,435.3852
15/08/2003,436.2551
15/09/2003,434.0803
15/10/2003,434.0803
15/11/2003,433.2104
15/12/2003,432.3405
15/01/2004,431.4706
15/02/2004,432.3405
15/03/2004,431.9056
15/04/2004,436.6900
15/05/2004,438.4298
15/06/2004,438.4298
15/07/2004,437.5599
15/08/2004,438.4298
15/09/2004,437.5599
15/10/2004,437.5599
15/11/2004,437.1250
15/12/2004,437.5599
15/01/2005,434.9502
15/02/2005,435.8201
15/03/2005,434.9502
15/04/2005,437.9949
15/05/2005,439.2997
15/06/2005,439.7347
15/07/2005,444.5191
15/08/2005,445.3890
15/09/2005,445.8240
15/10/2005,449.3036
15/11/2005,448.8686
15/12/2005,447.9987
15/01/2006,446.6939
15/02/2006,449.3036
15/03/2006,450.6084
15/04/2006,454.5230
15/05/2006,454.5230
15/06/2006,454.9579
15/07/2006,455.3929
15/08/2006,455.3929
15/09/2006,451.4783
15/10/2006,448.4337
15/11/2006,447.5638
15/12/2006,447.5638
15/01/2007,446.9635
15/02/2007,445.6091
15/03/2007,446.5121
15/04/2007,448.7694
15/05/2007,448.7694
15/06/2007,451.9298
15/07/2007,456.8961
15/08/2007,460.0564
15/09/2007,457.7990
15/10/2007,458.2505
15/11/2007,460.0564
15/12/2007,462.7653
15/01/2008,462.7653
15/02/2008,461.8623
15/03/2008,463.2167
15/04/2008,469.9889
15/05/2008,473.1493
15/06/2008,473.6008
15/07/2008,479.0185
15/08/2008,483.0818
15/09/2008,483.0818
15/10/2008,483.5333
15/11/2008,480.8244
15/12/2008,480.3729
15/01/2009,477.8252
15/02/2009,477.3507
15/03/2009,479.7232
15/04/2009,484.4683
15/05/2009,486.3663
15/06/2009,490.6368
15/07/2009,495.8564
15/08/2009,498.2289
15/09/2009,496.8054
15/10/2009,497.7544
15/11/2009,499.1779
15/12/2009,499.1779
15/01/2010,495.8564
15/02/2010,494.4329
15/03/2010,494.9074
15/04/2010,499.1779
15/05/2010,501.0759
15/06/2010,502.4994
15/07/2010,504.8719
15/08/2010,507.2445
15/09/2010,508.6680
15/10/2010,510.0915
15/11/2010,510.5660
15/12/2010,512.4640
15/01/2011,513.5174
15/02/2011,515.0277
15/03/2011,516.0346
15/04/2011,519.0553
15/05/2011,521.5726
15/06/2011,523.5864
15/07/2011,522.0760
15/08/2011,524.5933
15/09/2011,523.5864
15/10/2011,524.0898
15/11/2011,523.5864
15/12/2011,523.5864
15/01/2012,523.5864
15/02/2012,523.5864
15/03/2012,525.6002
15/04/2012,530.1312
15/05/2012,530.1312
15/06/2012,528.6209
15/07/2012,529.1243
15/08/2012,534.6622
15/09/2012,534.6622
15/10/2012,533.6553
15/11/2012,531.1381
15/12/2012,532.1450
15/01/2013,531.2166
15/02/2013,531.2166
15/03/2013,532.2759
15/04/2013,534.3944
15/05/2013,534.9240
15/06/2013,539.1611
15/07/2013,540.7499
15/08/2013,541.8092
15/09/2013,541.8092
15/10/2013,543.3981
15/11/2013,541.2796
15/12/2013,541.8092
15/01/2014,538.6314
15/02/2014,537.5722
15/03/2014,539.1611
15/04/2014,539.6907
15/05/2014,540.2203
15/06/2014,541.8092
15/07/2014,542.3388
15/08/2014,541.8092
15/09/2014,540.2203
15/10/2014,541.8092
15/11/2014,540.7499
15/12/2014,540.7499
15/01/2015,535.8985
15/02/2015,532.1170
15/03/2015,533.7377
15/04/2015,536.9790
15/05/2015,538.0594
15/06/2015,539.6801
15/07/2015,540.7605
15/08/2015,539.6801
15/09/2015,537.5192
15/10/2015,538.0594
15/11/2015,535.8985
15/12/2015,535.3583
15/01/2016,532.6572
15/02/2016,531.0366
15/03/2016,529.9561
15/04/2016,532.1170
15/05/2016,533.7377
15/06/2016,535.3583
15/07/2016,537.5192
15/08/2016,535.8985
15/09/2016,535.3583
15/10/2016,536.4388
15/11/2016,534.2779
15/12/2016,534.2779
15/01/2017,533.2093
15/02/2017,533.2093
15/03/2017,534.8122
15/04/2017,535.8807
15/05/2017,538.0178
15/06/2017,534.2779
15/07/2017,533.7436
15/08/2017,535.3464
15/09/2017,535.8807
15/10/2017,537.4836
15/11/2017,535.8807
15/12/2017,536.4150
15/01/2018,533.7436
15/02/2018,534.2779
15/03/2018,535.8807
15/04/2018,538.0178
15/05/2018,540.6892
15/06/2018,541.2235
15/07/2018,541.2235
15/08/2018,541.7578
15/09/2018,542.2921
15/10/2018,543.8949
15/11/2018,542.2921
15/12/2018,540.6892
15/01/2019,540.1603
15/02/2019,540.6999
15/03/2019,543.3980
15/04/2019,545.0169
15/05/2019,548.7942
15/06/2019,545.5565
15/07/2019,543.9376
15/08/2019,545.0169
15/09/2019,543.9376
15/10/2019,546.0961
15/11/2019,543.9376
15/12/2019,543.9376
15/01/2020,541.7791
15/02/2020,541.2395
15/03/2020,543.3980
15/04/2020,541.7791
15/05/2020,540.1603
15/06/2020,539.6207
15/07/2020,540.6999
15/08/2020,540.6999
15/09/2020,540.1603
15/10/2020,541.7791
15/11/2020,540.6999
15/12/2020,540.1603
15/01/2021,539.6158
15/02/2021,541.2395
15/03/2021,544.4870
15/04/2021,546.1107
15/05/2021,548.2756
15/06/2021,548.8169
15/07/2021,550.9818
15/08/2021,552.6056
15/09/2021,553.6880
15/10/2021,554.2293
15/11/2021,553.6880
15/12/2021,555.3118
15/01/2022,556.3942
15/02/2022,560.1829
15/03/2022,563.4303
15/04/2022,567.7603
15/05/2022,571.0077
15/06/2022,573.1727
15/07/2022,579.6675
15/08/2022,578.0438
15/09/2022,579.1263
15/10/2022,582.3737
15/11/2022,582.9150
15/12/2022,584.5387
15/01/2023,586.3556
15/02/2023,589.2215
15/03/2023,591.5142
15/04/2023,596.0996
15/05/2023,597.2459
15/06/2023,597.2459
15/07/2023,598.9654
15/08/2023,601.8313
15/09/2023,601.2581
15/10/2023,604.1240
15/11/2023,602.4045
15/12/2023,601.8313
15/01/2024,601.8313
15/02/2024,604.1240
15/03/2024,607.5630
15/04/2024,612.7216
15/05/2024,613.8679
15/06/2024,614.4411
15/07/2024,617.8801
15/08/2024,623.6118
15/09/2024,622.4655
15/10/2024,625.3314
15/11/2024,623.0387
15/12/2024,621.3192
15/01/2025,624.8212
15/02/2025,624.8212
15/03/2025,627.8992
15/04/2025,634.6706
15/05/2025,632.8239
15/06/2025,634.6706
15/07/2025,637.1330
15/08/2025,641.4421
15/09/2025,637.7486
15/10/2025,640.8265
15/11/2025,637.7486
15/12/2025,637.7486
15/01/2026,635.9018
15/02/2026,637.1330
15/03/2026,639.5953
15/04/2026,646.9824
15/05/2026,645.1356
15/06/2026,645.1356
15/07/2026,646.9824
15/08/2026,651.2915
